,OBJECTID,COD_SIG,NOME_ESCOLA,MORADA,TIPOLOGIA,FREGUESIA12,TELEFONE,COD_POSTAL,SITE,BLOGUE,AGRUPAMENTO,IDTIPO,ID_CARACT_ESCOLA,MORADA_DEJ,COD_DESENHO,UIT_MACRO,UIT_MICRO,EMAIL,SITUACAO,PROPRIEDADE,CRIADOPOR,MODIFICADO,NOME_LABEL,GlobalID,geometry
0,1,4201103017001,Escola Básica de São João de Brito,"Rua Lopes de Mendonça, 4",EB01,Alvalade,218401178,1700-271,http://aealvalade.edu.pt/,,Alvalade,2,124,"Rua Lopes de Mendonça, n.º 4",507,Unidade de Intervenção Territorial Centro,Unidade de Intervenção Territorial Centro - Campo Grande/Anjos,ebsjb@aealvalade.edu.pt,Existente,Propriedade Municipal,Ana Cremilde Mendes Guerra Cazaux Afonso,1665676160000,EB de São João de Brito,37f1d9e2-e4a4-4781-9467-17024b0eeebc,POINT (-9.13752911855158 38.7560454034636)
1,3,1102208003001,Escola Básica Professora Aida Vieira,"Rua Professor Sedas Nunes, Escola",EB01,Carnide,217169300,1600-597,http://aebpc.com/,,Bairro Padre Cruz,2,104,Rua Professor Sedas Nunes,203,Unidade de Intervenção Territorial Norte,Unidade de Intervenção Territorial Norte - Carnide/Benfica,eb23bpc@gmail.com,Existente,Propriedade Municipal,Ana Cremilde Mendes Guerra Cazaux Afonso,1665748113000,EB Professora Aida Vieira,4627c94e-cc5e-40cb-bab4-83970991efb9,POINT (-9.19261340827231 38.7676799464446)
2,5,1102301001001,Jardim de Infância do Bairro Padre Cruz,"Rua Prof. Francisco Pereira de Moura, Jardim de Infância",JI,Carnide,217153601,1600-746,http://aebpc.com/,,Bairro Padre Cruz,2,105,Rua Rio Tejo,5002,Unidade de Intervenção Territorial Norte,Unidade de Intervenção Territorial Norte - Carnide/Benfica,eb23bpc@gmail.com,Existente,Propriedade Municipal,Ana Cremilde Mendes Guerra Cazaux Afonso,1665676261000,JI do Bairro Padre Cruz,1a55a00a-9474-4c57-9a2e-128788e3a5be,POINT (-9.189706899982 38.7688164305399)
3,7,1501103001001,Escola Básica Gaivotas,"Rua das Chagas, 28-40",EB01,Misericórdia,211368654,1200-107,aepassosmanuel.pt/escolas/eb1-ji-gaivotas/,http://escolajigaivotas.blogspot.com/,Passos Manuel,2,56,"Rua das Chagas, n.º 28",293,Unidade de Intervenção Territorial Centro Histórico,Unidade de Intervenção Territorial Centro Histórico - Bairro Alto,info.eb1.gvt@abc.edu.pt,Existente,Ministério da Educação e Ciência,Ana Cremilde Mendes Guerra Cazaux Afonso,1665587670000,EB Gaivotas,5c263eab-c028-4eb6-9f2e-a4afbf904eb9,POINT (-9.14517808575277 38.7105488065443)
4,8,1500802013001,Escola Básica Padre Abel Varzim,"Rua da Rosa, 168",EB01,Misericórdia,213460886,1200-390,http://aepassosmanuel.pt/escolas/eb1-ji-padre-abel-varzim,http://escolajipav.blogspot.com/,Passos Manuel,2,58,"Rua da Rosa, n.º 168",407,Unidade de Intervenção Territorial Centro Histórico,Unidade de Intervenção Territorial Centro Histórico - Bairro Alto,info.eb1.pav@abc.edu.pt,Existente,Propriedade Municipal,Ana Cremilde Mendes Guerra Cazaux Afonso,1665587705000,EB Padre Abel Varzim,bec1da21-14b6-41e9-8434-757bde2ce853,POINT (-9.14548586908564 38.7138347291176)
5,9,1401203002001,Escola Básica Luísa Ducla Soares,"Rua do Passadiço, 86",EB01,Santo António,213533477,1150-255,http://aepassosmanuel.pt/escolas/eb1-ji-luisa-ducla-soares-2/,http://escolajilds.blogspot.com/,Passos Manuel,2,57,"Rua do Passadiço, n.º 86",413,Unidade de Intervenção Territorial Centro,Unidade de Intervenção Territorial Centro - Campolide/S. José,info.eb1.lds@abc.edu.pt,Existente,Propriedade Municipal,Ana Cremilde Mendes Guerra Cazaux Afonso,1665587850000,EB Luísa Ducla Soares,0ad340f6-aee5-463c-b8f5-fc2c26c251b4,POINT (-9.14379266907125 38.7221275261581)
6,10,4501101073001,Escola Básica de São José,"Rua do Telhal, Escola",EB01,Santo António,218851455,1150-346,http://aepassosmanuel.pt/escolas/eb1-ji-sao-jose/,http://escolajisjose.blogspot.com/,Passos Manuel,2,59,"Rua do Telhal, n.º 10",894,Unidade de Intervenção Territorial Centro,Unidade de Intervenção Territorial Centro - Campolide/S. José,espm@abc.edu.pt,Existente,Propriedade Municipal,Ana Cremilde Mendes Guerra Cazaux Afonso,1665587735000,EB de São José,794e9819-98ee-47a7-8d62-efcdc04d2a7c,POINT (-9.14185940623264 38.7191934121605)
7,11,0806601020001,Escola Básica Pedro de Santarém,"Estrada de Benfica, 535-535A",EBI+JI,Benfica,217142154,1549-020,http://sites.google.com/aebenfica.pt/eb123-cji-pedro-de-santarem,http://apedroemovimento.blogspot.com/,Benfica,2,84,"Estrada de Benfica, n.º 535",499,Unidade de Intervenção Territorial Norte,Unidade de Intervenção Territorial Norte - Carnide/Benfica,eb1pedrosantarem@gmail.com,Existente,Ministério da Educação e Ciência,Ana Cremilde Mendes Guerra Cazaux Afonso,1665573238000,EB  Pedro de Santarém,6279f840-84a6-45c0-a3ac-567dd49ecadc,POINT (-9.19467287345015 38.7488093488151)
8,12,0800301050001,Escola Básica Jorge Barradas,"Rua Jorge Barradas, Escola Jorge Barradas",EB01,Benfica,217121470,1500-369,http://aebenfica.pt/,,Benfica,2,83,Rua Jorge Barradas,463,Unidade de Intervenção Territorial Norte,Unidade de Intervenção Territorial Norte - Carnide/Benfica,eb1jorgebarradas@gmail.com,Existente,Propriedade Municipal,Ana Cremilde Mendes Guerra Cazaux Afonso,1665572928000,EB Jorge Barradas,51dbed38-bad1-4e6a-8dc8-f0cc02f60623,POINT (-9.20358304445156 38.7557505495183)
9,13,0807609001001,Escola Básica Arquitecto Gonçalo Ribeiro Telles,,EB01,Benfica,218233669,1500-524,http://aebenfica.pt/,,Benfica,2,82,Rua 4 - Bairro da Boavista,602,Unidade de Intervenção Territorial Norte,Unidade de Intervenção Territorial Norte - Carnide/Benfica,ebagrt@gmail.com,Existente,Propriedade Municipal,Ana Cremilde Mendes Guerra Cazaux Afonso,1665573006000,EB Arquitecto Gonçalo Ribeiro Telles,543becbf-dcae-497e-8101-e085bfd84061,
10,15,0806703069001,Jardim de Infância N.º 1 de Benfica ,"Rua Fernanda Botelho, Jardim de Infância",JI,Benfica,938329934,1500-080,http://aebenfica.pt/,,Benfica,2,86,Rua Fernanda Botelho,965,Unidade de Intervenção Territorial Norte,Unidade de Intervenção Territorial Norte - Carnide/Benfica,jibenfica1@gmail.com,Existente,Propriedade Municipal,Ana Cremilde Mendes Guerra Cazaux Afonso,1665573068000,JI N.º 1 de Benfica ,9840598a-ad9d-4fd2-bd3d-c3d371916a31,POINT (-9.19691729072167 38.7475041931688)
11,18,2108003001001,Escola Básica João dos Santos,"Rua Pedro de Azevedo, Escola Básica nº 193",EB01,Marvila,218594072,1950-234,www.aeddinis.pt,,D. Dinis,2,153,Rua Pedro de Azevedo,430,Unidade de Intervenção Territorial Oriental,Unidade de Intervenção Territorial Oriental - Marvila/Beato,sa@esddinis.pt,Existente,Propriedade Municipal,Ana Cremilde Mendes Guerra Cazaux Afonso,1665573018000,EB João dos Santos,91f3a31e-0bbe-468b-a2b1-0648f05acfd3,POINT (-9.10723109473508 38.7451102664906)
12,19,2107307004001,Escola Básica Professor Agostinho da Silva,"Rua Lino Ferreira, Escola Básica nº 53",EB01,Marvila,218310190,1950-299,www.aeddinis.pt,,D. Dinis,2,157,Rua Lino Ferreira,566,Unidade de Intervenção Territorial Oriental,Unidade de Intervenção Territorial Oriental - Marvila/Beato,sa@esddinis.pt,Existente,Propriedade Municipal,Ana Cremilde Mendes Guerra Cazaux Afonso,1665573051000,EB Professor Agostinho da Silva,b7f9392b-5f77-4231-a51a-9f8d47f6db42,POINT (-9.10566170013273 38.7473888273904)
13,20,2105206013001,Escola Básica N.º 195 de Lisboa,"Rua Aquilino Ribeiro, Escola Básica nº 195",EB01,Marvila,218592625,1950-026,www.aeddinis.pt,,D. Dinis,2,154,Rua Aquilino Ribeiro,121,Unidade de Intervenção Territorial Oriental,Unidade de Intervenção Territorial Oriental - Marvila/Beato,sa@esddinis.pt,Existente,Propriedade Municipal,Ana Cremilde Mendes Guerra Cazaux Afonso,1665573074000,EB N.º 195 de Lisboa,a5877885-74f9-4c28-ad8a-b4a9310662de,POINT (-9.11730957480569 38.7535980577529)
14,21,2105702001001,Escola Básica Luíza Neto Jorge,"Rua Luísa Neto Jorge, Escola Básica nº 117",EB01,Marvila,218376676,1950-180,www.aeddinis.pt,,D. Dinis,2,184,Rua Luíza Neto Jorge,380,Unidade de Intervenção Territorial Oriental,Unidade de Intervenção Territorial Oriental - Marvila/Beato,sa@esddinis.pt,Existente,Propriedade Municipal,Ana Cremilde Mendes Guerra Cazaux Afonso,1665573085000,EB Luíza Neto Jorge,efdff652-b1aa-45a8-ab8a-57f8492b8465,POINT (-9.12404067104371 38.7524166937556)
15,22,2105402028001,Escola Básica de Lóios,"Rua Cassiano Branco, Escola Básica nº 9",EB01,Marvila,218310190,1950-057,www.aeddinis.pt,,D. Dinis,2,155,Rua Cassiano Branco,706,Unidade de Intervenção Territorial Oriental,Unidade de Intervenção Territorial Oriental - Marvila/Beato,eb1loios@gmail.com ,Existente,,Ana Cremilde Mendes Guerra Cazaux Afonso,1665573094000,EB de Lóios,376257e6-3388-4854-8bc1-c758944f3d17,POINT (-9.12475814340053 38.758610029251)
16,26,4302509008001,Jardim de Infância António José de Almeida,"Avenida de António José de Almeida, 24",JI,Areeiro,21 849 01 40,1000-076,http://aedfl.pt/,,D. Filipa de Lencastre,2,182,Rua Caetano Alberto,643,Unidade de Intervenção Territorial Centro,Unidade de Intervenção Territorial Centro - Campo Grande/Anjos,direcao@aedfl.edu.pt,Existente,Ministério da Educação e Ciência,Ana Cremilde Mendes Guerra Cazaux Afonso,1665676355000,JI António José de Almeida,134a8b91-0931-4837-99df-98d04169285e,POINT (-9.14029726182106 38.7382879282864)
17,28,3307901010001,Escola Básica Vasco da Gama,"Rua da Ilha dos Amores, 4.27.01 (Escola Vasco da Gama)",EBI+JI,Parque das Nações,218930301,1990-112,www.queiroz.pt,,Eça de Queirós,2,178,Rua Ilha dos Amores - Expo Urbe,46,Unidade de Intervenção Territorial Oriental,Unidade de Intervenção Territorial Oriental - Olivais/Parque das Nações,coord.ebvg@queiroz.pt; agrupamento@queiroz.pt,Existente,Ministério da Educação e Ciência,Ana Cremilde Mendes Guerra Cazaux Afonso,1665573161000,EB Vasco da Gama,bcaa7299-0758-402c-b95a-cc16451d7c74,POINT (-9.09352161872208 38.7781216742604)
18,29,3308619010001,Escola Básica do Parque das Nações,"Rua Gaivotas em Terra, Lote 3.12.01",EBI+JI,Parque das Nações,218988020,1990-061,www.queiroz.pt,,Eça de Queirós,2,177,"Rua das Gaivotas em Terra, Lote 3.12.01",650,Unidade de Intervenção Territorial Oriental,Unidade de Intervenção Territorial Oriental - Olivais/Parque das Nações,coord.ebpn@queiroz.pt;agrupamento@queiroz.pt,Existente,Ministério da Educação e Ciência,Ana Cremilde Mendes Guerra Cazaux Afonso,1665573176000,EB do Parque das Nações,58981734-95ac-4eca-b5bf-311bd9bd6836,POINT (-9.09742105019219 38.7546626005157)
19,30,1805004027001,Escola Básica Padre José Manuel Rocha e Melo,"Rua José Cardoso Pires, Escola",EB01,Lumiar,21 758 53 51,1750-415,http://aelumiar.com/,http://eb1n34.blogspot.com/, Alto do Lumiar,2,147,Rua José Cardoso Pires,7011,Unidade de Intervenção Territorial Norte,Unidade de Intervenção Territorial Norte - Lumiar/Charneca,eb1n34@gmail.com,Existente,Propriedade Municipal,Ana Cremilde Mendes Guerra Cazaux Afonso,1665676761000,EB Padre José Manuel Rocha e Melo,496511b7-44f0-42a2-a8e4-c65dddf732aa,POINT (-9.14977745717233 38.7748402512684)
20,31,1804903001001,Escola Básica Dr. Nuno Cordeiro Ferreira,"Rua Maria Margarida, Escola Básica nº 91",EB01,Lumiar,217 581 034,1750-186,http://aelumiar.com/,http://eb191lx.blogspot.com/, Alto do Lumiar,2,145,Rua Maria Margarida - Bairro da Cruz Vermelha,124,Unidade de Intervenção Territorial Norte,Unidade de Intervenção Territorial Norte - Lumiar/Charneca,eb1n91@gmail.com,Existente,Propriedade Municipal,Ana Cremilde Mendes Guerra Cazaux Afonso,1665677128000,EB Dr. Nuno Cordeiro Ferreira,a86f9b0a-69ad-4ea1-9d2c-b80d6c38eab1,POINT (-9.15534041526895 38.7756333797672)
21,33,1300203011001,Escola Básica Maria da Luz de Deus Ramos,"Estrada Militar, Escola Básica nº 185",EB01,Santa Clara,21 752 52 25,1750-194,http://aelumiar.com/,, Alto do Lumiar,2,146,Estrada Militar - Bairro das Galinheiras,603,Unidade de Intervenção Territorial Norte,Unidade de Intervenção Territorial Norte - Lumiar/Charneca,eb1mldr@gmail.com,Existente,Propriedade Municipal,Ana Cremilde Mendes Guerra Cazaux Afonso,1665676828000,EB Maria da Luz de Deus Ramos,7882c28d-344c-43b4-b063-50e5a700485c,POINT (-9.15055128159443 38.7909685616028)
22,34,0501610030001,Escola Básica Pintora Maluda,"Rua Maluda (Maria de Lurdes Ribeiro), Escola Básica",EB01,Santa Clara,217595418,1750-466,http://aelumiar.com/,http://eb1galinheiras.blogspot.com/, Alto do Lumiar,2,144,Rua Maluda,6012,Unidade de Intervenção Territorial Norte,Unidade de Intervenção Territorial Norte - Lumiar/Charneca,eb1galinheiras@gmail.com,Existente,Propriedade Municipal,Ana Cremilde Mendes Guerra Cazaux Afonso,1684511328000,EB Pintora Maluda,ffff27a5-41e1-40b1-9740-4a32794c6066,POINT (-9.15194317412923 38.7907351971653)
23,35,0401807026001,Escola Básica Teixeira de Pascoais,"Rua Teixeira de Pascoais, 12-14",EB01,Alvalade,21 849 52 21,1700-364,http://aealvalade.edu.pt/,,Alvalade,2,123,"Rua Teixeira de Pascoais, n.º 14",258,Unidade de Intervenção Territorial Centro,Unidade de Intervenção Territorial Centro - Campo Grande/Anjos,escola101@hotmail.com,Existente,Propriedade Municipal,Ana Cremilde Mendes Guerra Cazaux Afonso,1665676588000,EB Teixeira de Pascoais,1bebd897-a415-4906-936c-5eb48b8abd54,POINT (-9.13603560027278 38.7472193629945)
24,37,3307602011001,Escola Básica Infante D. Henrique,"Rua Padre Joaquim Alves Correia, Escola Básica nº 55",EB01,Parque das Nações,218535477,1800-292,http://aefernandopessoa.edu.pt/,http://blogidh.blogspot.com/,Fernando Pessoa,2,167,Rua Padre Joaquim Alves Correia,213,Unidade de Intervenção Territorial Oriental,Unidade de Intervenção Territorial Oriental - Olivais/Parque das Nações,executivopessoa@gmail.com,Existente,Propriedade Municipal,Ana Cremilde Mendes Guerra Cazaux Afonso,1665573216000,EB Infante D. Henrique,a2a1eeb6-6991-4e9e-ac6f-431658326d56,POINT (-9.10238288102009 38.7715635031397)
25,38,3309902014001,Escola Básica Arco-Íris,"Rua Cidade de Nampula, Escola Básica nº 159",EB01,Olivais,218514924,1849-029,http://aefernandopessoa.edu.pt/,http://saberapotes.blogspot.pt/,Fernando Pessoa,2,164,Rua Cidade de Nampula,741,Unidade de Intervenção Territorial Oriental,Unidade de Intervenção Territorial Oriental - Olivais/Parque das Nações,executivopessoa@gmail.com,Existente,Propriedade Municipal,Ana Cremilde Mendes Guerra Cazaux Afonso,1665573251000,EB Arco-Íris,1d73920e-9cca-440a-b8be-4e7641c0120e,POINT (-9.12127168008778 38.764158613354)
26,40,3308102045001,Escola Básica Adriano Correia de Oliveira,"Rua Cidade de Vila Cabral, Escola Básica nº 181",EB01,Olivais,218513613,1800-131,http://aefernandopessoa.edu.pt/,,Fernando Pessoa,2,165,Rua Cidade de Vila Cabral,908,Unidade de Intervenção Territorial Oriental,Unidade de Intervenção Territorial Oriental - Olivais/Parque das Nações,eb1adriano181@gmail.com,Existente,Propriedade Municipal,Ana Cremilde Mendes Guerra Cazaux Afonso,1665573359000,EB Adriano Correia de Oliveira,2ebc10fb-ab8c-4e00-9d93-f9df6bd0a619,POINT (-9.12166279964479 38.7674683511972)
27,41,0103103001001,Escola Básica Homero Serpa,"Rua do Casalinho da Ajuda, EB1 Homero Serpa",EB01,Ajuda,213631921,1300-118,aefarruda.pt,homeromaisfuturo.blogspot.com,Francisco de Arruda,2,63,"Rua do Casalinho da Ajuda, n.º 7",73,Unidade de Intervenção Territorial Ocidental,Unidade de Intervenção Territorial Ocidental - Ajuda/Alcântara,ana.nunes@aefarruda.pt,Existente,Propriedade Municipal,Ana Cremilde Mendes Guerra Cazaux Afonso,1665573422000,EB Homero Serpa,3e3d5af0-7b6d-4d4b-9aab-db1086561b0e,POINT (-9.19267394545787 38.7095565517424)
28,42,0101901045001,Jardim de Infância  Alexandre Rodrigues Ferreira,"Rua Coronel Pereira da Silva, 18",JI,Ajuda,213634446,1300-148,aefarruda.pt,,Francisco de Arruda,2,61,"Rua Coronel Pereira da Silva, n.º 18",78,Unidade de Intervenção Territorial Ocidental,Unidade de Intervenção Territorial Ocidental - Ajuda/Alcântara,geral@aefarruda.pt,Existente,Propriedade Municipal,Ana Cremilde Mendes Guerra Cazaux Afonso,1665573582000,JI Alexandre Rodrigues Ferreira,7b3a201b-fc6d-47ff-a54a-619ac9e04be2,POINT (-9.19749234819284 38.7042702801635)
29,46,0202631086001,Escola Básica Raúl Lino,"Calçada da Tapada, EB1 Raul Lino",EB01,Alcântara,213634321,1300-551,https://sites.google.com/site/escolabasica1raullino/,,Francisco de Arruda,2,64,Calçada da Tapada,782,Unidade de Intervenção Territorial Ocidental,Unidade de Intervenção Territorial Ocidental - Ajuda/Alcântara,eb1raullino@gmail.com;carla.grosso@aefarruda.pt,Existente,Propriedade Municipal,Ana Cremilde Mendes Guerra Cazaux Afonso,1665573757000,EB Raúl Lino,45b39af1-bce9-451a-86bb-ecb72de6162f,POINT (-9.18004769767977 38.7066791096939)
30,48,0203502001001,Escola Básica de Santo Amaro,"Rua Jau, EB1 Santo Amaro",EB01,Alcântara,213646097,1300-312,https://www.facebook.com/EB-JISanto-Amaro,,Francisco de Arruda,2,65,Rua Filinto Elísio,973,Unidade de Intervenção Territorial Ocidental,Unidade de Intervenção Territorial Ocidental - Ajuda/Alcântara,dulce.pinho@aefarruda.pt,Existente,Propriedade Municipal,Ana Cremilde Mendes Guerra Cazaux Afonso,1665573680000,EB de Santo Amaro,92dc1d98-de9a-4b9e-9a72-c58c12009a11,POINT (-9.18535787303158 38.7036889650246)
31,50,1200104015001,Escola Básica do Castelo,"Rua de Santa Cruz do Castelo, 29-31 (Escola Básica nº 10)",EB01,Santa Maria Maior,218860326,1100-245,aegv.site,,Gil Vicente,2,96,"Rua das Flores de Santa Cruz ao Castelo, n.º 14",79,Unidade de Intervenção Territorial Centro Histórico,Unidade de Intervenção Territorial Centro Histórico - Baixa,coordenacao.castelo@aegv.pt,Existente,Propriedade Municipal,Ana Cremilde Mendes Guerra Cazaux Afonso,1665573917000,EB do Castelo,7a63f8e3-b98e-4f45-b17c-c4ad9e9ccb39,POINT (-9.13281926501618 38.7132210156893)
32,52,0703001034001,Escola Básica Engenheiro Duarte Pacheco,"Rua da Fábrica de Estamparia, Escola Básica nº 28",EB01,Beato,218490430,1900-133,http://agrupamentoolaias.edu.pt/,http://2468vivaaescola28.blogspot.com/,Olaias,2,162,"Rua Fábrica de Estamparia, 40",367,Unidade de Intervenção Territorial Oriental,Unidade de Intervenção Territorial Oriental - Marvila/Beato,ebengenheiro.duartepacheco@gmail.com,Existente,Propriedade Municipal,Ana Cremilde Mendes Guerra Cazaux Afonso,1665676974000,EB Eng.º Duarte Pacheco,03efacef-70ad-4d42-8a6e-c0117e01e23c,POINT (-9.12073685331583 38.7351291551251)
33,53,4100501067001,Escola Básica Actor Vale,"Rua Actor Vale, Escola Básica nº 142",EB01,Penha de França,933140187,1900-024,http://agrupamentoolaias.edu.pt/,,Olaias,2,159,Rua Actor Vale,237,Unidade de Intervenção Territorial Centro Histórico,Unidade de Intervenção Territorial Centro Histórico - Graça/Pen. França,atorvale.eb1@gmail.com,Existente,,Ana Cremilde Mendes Guerra Cazaux Afonso,1665675872000,EB Actor Vale,5c295daf-e59b-49ae-a227-850fa32b03f8,POINT (-9.13013711467873 38.7352714508015)
34,54,2106602010001,Escola Básica do Bairro do Armador,"Rua Gilberto Freyre, Jardim de Infância",EB01,Marvila,218371345,1950-357,http://agrupamentoolaias.edu.pt/,,Olaias,2,160,Rua Gilberto Freyre,551,Unidade de Intervenção Territorial Oriental,Unidade de Intervenção Territorial Oriental - Marvila/Beato,escolabairrodoarmador@gmail.com,Existente,Propriedade Municipal,Ana Cremilde Mendes Guerra Cazaux Afonso,1665677323000,EB do Bairro do Armador,482006ce-2bd8-49b6-820f-fc093dbf9b66,POINT (-9.1206568524002 38.7446038306865)
35,58,3001101138001,Escola Básica Rainha Santa Isabel,"Travessa de Santa Quitéria, 7 (Escola Básica nº 165)",EB01,Campo de Ourique,213955414,1250-209,e-josefadeobidos.edu.pt,,Padre Bartolomeu de Gusmão,2,53,"Travessa de Santa Quitéria, n.º 7",561,Unidade de Intervenção Territorial Centro Histórico,Unidade de Intervenção Territorial Centro Histórico - Campo Ourique/Lapa,diretor@e-josefadeobidos.edu.pt;geral@e-josefadeobidos.edu.pt,Existente,Propriedade Municipal,Ana Cremilde Mendes Guerra Cazaux Afonso,1665587560000,EB Rainha Santa Isabel,f1274516-5d4f-4a16-a953-4dc0251451d8,POINT (-9.1555767618125 38.716883406964)
36,59,3503002130001,Escola Básica Engenheiro Ressano Garcia,"Rua Professor Gomes Teixeira, Escola Básica nº 41",EB01,Campo de Ourique,213951347,1350-229,e-josefadeobidos.edu.pt,,Padre Bartolomeu de Gusmão,2,50,Rua Professor Gomes Teixeira,1010,Unidade de Intervenção Territorial Centro Histórico,Unidade de Intervenção Territorial Centro Histórico - Campo Ourique/Lapa,diretor@e-josefadeobidos.edu.pt;geral@e-josefadeobidos.edu.pt,Existente,Propriedade Municipal,Ana Cremilde Mendes Guerra Cazaux Afonso,1665587521000,EB Eng.º Ressano Garcia,4631f8d1-e135-49f0-b5cf-6ce1f9370e50,POINT (-9.16562056983248 38.7137358844673)
37,62,4103305005001,Escola Básica Professor Oliveira Marques,"Calçada das Lajes, 2",EB01,Penha de França,218122111,1900-029,http://www.aepp.pt/,,Patrício Prazeres,2,94,"Calçada das Lages,36",492,Unidade de Intervenção Territorial Centro Histórico,Unidade de Intervenção Territorial Centro Histórico - Graça/Pen. França,diretor@aepp.pt,Existente,,Ana Cremilde Mendes Guerra Cazaux Afonso,1665588032000,EB Professor Oliveira Marques,abe44853-67f4-4114-9de9-f836da7dc154,POINT (-9.11648283070746 38.7218908709401)
38,63,2901703128001,Escola Básica Rosa Lobato Faria,"Rua do Barão de Monte Pedral, Escola Básica nº 21",EB01,São Vicente,218140564,1170-039,http://www.aepp.pt/,,Patrício Prazeres,2,95,Rua Barão de Monte Pedral,428,Unidade de Intervenção Territorial Centro Histórico,Unidade de Intervenção Territorial Centro Histórico - Graça/Pen. França,diretor@aepp.pt,Existente,Propriedade Municipal,Ana Cremilde Mendes Guerra Cazaux Afonso,1665588064000,EB Rosa Lobato Faria,0d30e193-c364-4b1c-a119-b51a1b7d4f2c,POINT (-9.12020321983801 38.7204671725733)
39,64,3907102009001,Escola Básica Frei Luis de Sousa,"Rua Raul Carapinha, Escola Básica nº 49",EB01,São Domingos de Benfica,217269610,1500-542,ael.edu.pt,http://bloguedafreiluisdesousa.blogspot.com/,Laranjeiras,2,75,"Rua Raul Carapinha,",590,Unidade de Intervenção Territorial Norte,Unidade de Intervenção Territorial Norte - Carnide/Benfica,escolafreiluisdesousa@ael.edu.pt,Existente,Propriedade Municipal,Ana Cremilde Mendes Guerra Cazaux Afonso,1665575433000,EB Frei Luis de Sousa,695f2d25-d089-429a-8913-0e5fb11d8d34,POINT (-9.17193672473235 38.7409263473436)
40,65,3902502097001,Escola Básica António Nobre,"Rua António Nobre, Escola Básica nº 110",EB01,São Domingos de Benfica,217781679,1500-046,ael.edu.pt,,Laranjeiras,2,74,"Rua António Nobre, n.º 49",2,Unidade de Intervenção Territorial Norte,Unidade de Intervenção Territorial Norte - Carnide/Benfica, escolaantonionobre@ael.edu.pt  ,Existente,Propriedade Municipal,Ana Cremilde Mendes Guerra Cazaux Afonso,1665575732000,EB António Nobre,3b0a0e0f-129a-488e-a82a-e5621fed051c,POINT (-9.17798492794034 38.7460095508708)
41,66,3904812016001,Escola Básica de Laranjeiras,"Rua Virgílio Correia, Escola Básica nº 120",EB01,São Domingos de Benfica,217271260,1600-224,ael.edu.pt,,Laranjeiras,2,76,"Rua Vírgílio Correia, n.º 30",979,Unidade de Intervenção Territorial Norte,Unidade de Intervenção Territorial Norte - Carnide/Benfica,escoladaslaranjeiras@ael.edu.pt  ,Existente,Propriedade Municipal,Ana Cremilde Mendes Guerra Cazaux Afonso,1665575786000,EB de Laranjeiras,a4ebcaaf-4d99-4f57-b072-50cccca46d48,POINT (-9.17355782052701 38.7553685486147)
42,69,2103202001001,Escola Básica do Condado,"Rua Engº Cunha Leal, Escola Básica nº 54",EB01,Marvila,21 837 013 22,1900-678,http://aelaverney.pt/,http://escola54.blogspot.com/,Luis António Verney,2,149,Rua Engenheiro Cunha Leal - Bairro do Condado,723,Unidade de Intervenção Territorial Oriental,Unidade de Intervenção Territorial Oriental - Marvila/Beato,eb54ji3@gmail.com,Existente,Propriedade Municipal,Ana Cremilde Mendes Guerra Cazaux Afonso,1665677185000,EB do Condado,f5387a33-ace2-4f1f-9ae6-e1d28ba981c4,POINT (-9.1117396428509 38.7450323805168)
43,70,0702801080002,Escola Básica do Beato,"Rua do Grilo, 74",EB01,Beato,21 861 01 00,1900-336,http://aelaverney.pt/,,Luis António Verney,2,148,"Rua do Grilo, n.º 74",682,Unidade de Intervenção Territorial Oriental,Unidade de Intervenção Territorial Oriental - Marvila/Beato,eb1beato@gmail.com,Existente,Propriedade particular - Ministério da Administração Interna.,Ana Cremilde Mendes Guerra Cazaux Afonso,1665677211000,EB do Beato,e1f9c83a-dcbf-4c39-beb5-e0c8f8dd0dc7,POINT (-9.10691011524315 38.7320472635217)
44,71,0702105022001,Escola Básica do Bairro Madre de Deus,"Rua José da Bateira, Escola Básica nº 138",EB01,Beato,21 868 33 18,1100-957,http://aelaverney.pt/,,Luis António Verney,2,150,Rua José da Bateira,971,Unidade de Intervenção Territorial Oriental,Unidade de Intervenção Territorial Oriental - Marvila/Beato,eb1madrededeus@gmail.com,Existente,Propriedade Municipal,Ana Cremilde Mendes Guerra Cazaux Afonso,1665677304000,EB do Bairro Madre de Deus,ee547886-7114-432e-a0ec-111870c0964b,POINT (-9.11501162467813 38.7333954944145)
45,75,3504301111001,Escola Básica de Santo Condestável,"Rua Pereira e Sousa, 60 (Escola Básica nº 6)",EB01,Campo de Ourique,213859730,1350-237,geral@agescolasmanuelmaia.net,http://ebsantocondestavel.blogspot.com/,Manuel da Maia,2,71,"Rua Pereira e Sousa, n.º 60",160,Unidade de Intervenção Territorial Centro Histórico,Unidade de Intervenção Territorial Centro Histórico - Campo Ourique/Lapa,eb1scondestavel@gmail.com,Existente,Propriedade Municipal,Ana Cremilde Mendes Guerra Cazaux Afonso,1665575958000,EB de Santo Condestável,a2e601ff-ed17-4be6-a577-8be315c043b6,POINT (-9.1676672925982 38.7199884173376)
46,76,2601801077001,Escola Básica Fernanda de Castro,"Largo das Necessidades, Escola Básica do 1º Ciclo Nº 128",EB01,Estrela,213979247,1350-215,agescolasmanuelmaia.net,,Manuel da Maia,2,69,Tapada das Necessidades,705,Unidade de Intervenção Territorial Centro Histórico,Unidade de Intervenção Territorial Centro Histórico - Campo Ourique/Lapa,eb1fernanda.de.castro@gmail.com,Existente,Propriedade Particular,Ana Cremilde Mendes Guerra Cazaux Afonso,1665576012000,EB Fernanda de Castro,5ccdf8c4-0936-4caa-a9d8-1380532c414e,POINT (-9.17114905393992 38.70923394331)
47,77,3503305038001,Escola Básica de Vale de Alcântara,,EB01,Campo de Ourique,213622608,1350-410,agescolasmanuelmaia.net,,Manuel da Maia,2,72,Avenida de Ceuta Norte - Bairro Quinta do Loureiro,2009,Unidade de Intervenção Territorial Centro Histórico,Unidade de Intervenção Territorial Centro Histórico - Campo Ourique/Lapa,escola.valedealcantara@gmail.com,Existente,Propriedade Municipal,Ana Cremilde Mendes Guerra Cazaux Afonso,1625758279000,EB de Vale de Alcântara,74f8db45-4382-4de1-81d5-f7bd62d027f2,
48,78,3503703010001,Escola Básica Manuel da Maia,"Rua Freitas Gazul, 6",EBI+JI,Campo de Ourique,213928870,1350-149,agescolasmanuelmaia.net,,Manuel da Maia,2,70,"Rua Freitas Gazul, n.º 6",235,Unidade de Intervenção Territorial Centro Histórico,Unidade de Intervenção Territorial Centro Histórico - Campo Ourique/Lapa,geral@agescolasmanuelmaia.net,Existente,,Ana Cremilde Mendes Guerra Cazaux Afonso,1665575894000,EB Manuel da Maia,eff394e5-aff5-45cb-92a4-31f11cefa90c,POINT (-9.17024807709183 38.7178674438094)
49,80,1003204001001,Escola Básica Mestre Querubim Lapa,"Rua de Campolide, Escola Nº 23",EB01,Campolide,213889904,1070-030,www.marquesa-alorna-lisboa.pt,,Marquesa de Alorna,2,107,Rua de Campolide c/ Travessa Estêvão Pinto,397,Unidade de Intervenção Territorial Centro,Unidade de Intervenção Territorial Centro - Campolide/S. José,ebquerubimlapa@gmail.com,Existente,Propriedade Municipal,Ana Cremilde Mendes Guerra Cazaux Afonso,1665573399000,EB Mestre Querubim Lapa,7bbda568-3ca7-453b-8f89-b65be07a8fde,POINT (-9.16231889540637 38.7327470208806)
50,82,2304101001001,Escola Básica Mestre Arnaldo Louro de Almeida,"Rua Diogo de Macedo, Escola Básica nº 44",EB01,Avenidas Novas,217960352,1600-170,www.marquesa-alorna-lisboa.pt,http://amaladomestre.blogspot.pt/; http://apeemala.wordpress.com,Marquesa de Alorna,2,106,Praça Nuno Gonçalves,196,Unidade de Intervenção Territorial Centro,Unidade de Intervenção Territorial Centro - Campolide/S. José,eb1mestrearnaldolourodealmeida@gmail.com,Existente,Propriedade Municipal,Ana Cremilde Mendes Guerra Cazaux Afonso,1665573433000,EB Mestre Arnaldo Louro de Almeida,6a79086a-a2e8-4f03-a300-626cc0b040e2,POINT (-9.15605384703805 38.7453311827895)
51,86,2400408007001,Escola Básica N.º 1 de Lisboa,"Rua do Saco, 1",EB01,Arroios,218820116,1150-146,www.aenunogoncalves.com,,Nuno Gonçalves,2,88,Largo da Escola Municipal,152,Unidade de Intervenção Territorial Centro,Unidade de Intervenção Territorial Centro - Campo Grande/Anjos,aeng.direcao@nunogoncalves.com,Existente,Propriedade Municipal,Ana Cremilde Mendes Guerra Cazaux Afonso,1665577303000,EB N.º 1 de Lisboa,774dcd28-0b69-4b96-8c73-537553f5917f,POINT (-9.13826470227522 38.7202753924606)
52,87,0601901097001,Escola Básica Sampaio Garrido,"Praça das Novas Nações, EB1 Sampaio Garrido",EB01,Arroios,218148310,1170-277,www.aenunogoncalves.com,,Nuno Gonçalves,2,91,Praça das Novas Nações,597,Unidade de Intervenção Territorial Centro,Unidade de Intervenção Territorial Centro - Campo Grande/Anjos,aeng.direcao@nunogoncalves.com,Existente,Propriedade Municipal,Ana Cremilde Mendes Guerra Cazaux Afonso,1665577350000,EB Sampaio Garrido,df1c25b5-48fe-4d86-9096-bc647a07e68f,POINT (-9.13210438963445 38.7261123591569)
53,89,2502402006001,Escola Básica Arquitecto Victor Palla,"Rua Francisco Pedro Curado, EB1 Arq. Vitor Palla",EB01,Penha de França,218147488,1170-139,www.aenunogoncalves.com,http://ebarquitectovictorpalla.blogspot.com/,Nuno Gonçalves,2,87,Rua Francisco Pedro Curado,309,Unidade de Intervenção Territorial Centro Histórico,Unidade de Intervenção Territorial Centro Histórico - Graça/Pen. França,aeng.direcao@nunogoncalves.com,Existente,Propriedade Municipal,Ana Cremilde Mendes Guerra Cazaux Afonso,1665577378000,EB Arquitecto Victor Palla,bcfad435-930f-45a0-b461-17f19b496316,POINT (-9.12499503560416 38.7266175892799)
54,92,1301602001001,Escola Básica Pintor Almada Negreiros ,"Rua Vasco da Gama Fernandes, Escola Pintor Almada Negreiros",EBI+JI,Santa Clara,21 756 71 90,1750-443,http://eb23pan.webnode.pt/,,Pintor Almada Negreiros,2,142,Rua Vasco da Gama Fernandes,2050,Unidade de Intervenção Territorial Norte,Unidade de Intervenção Territorial Norte - Lumiar/Charneca,ce.eb23almadanegreiros@gmail.com,Existente,Ministério da Educação e Ciência,Ana Cremilde Mendes Guerra Cazaux Afonso,1665676740000,EB Pintor Almada Negreiros ,5092700d-3a77-4d04-b760-b147e874bf55,POINT (-9.14430871202998 38.7777564917861)
55,93,1301209001001,Escola Básica da Alta de Lisboa,"Rua Raul Rego, Escola Básica nº 77",EB01,Santa Clara,217567190,1750-424,http://eb23pan.webnode.pt/,,Pintor Almada Negreiros,2,141,"Rua Raul Rêgo, n.º 1 - A",2060,Unidade de Intervenção Territorial Norte,Unidade de Intervenção Territorial Norte - Lumiar/Charneca,cordenador.altadelisboa@gmail.com,Existente,Propriedade Municipal,Ana Cremilde Mendes Guerra Cazaux Afonso,1665675991000,EB da Alta de Lisboa,c6913aa0-26f9-4367-ad95-ffbcf484cf66,POINT (-9.1499699145424 38.7827060318613)
56,94,3307203002001,Escola Básica Viscondessa dos Olivais,"Calçadinha dos Olivais, Escola Básica nº 36",EB01,Olivais,211358420,1800-288,http://agpiscinasolivais.com/,http://olivaisvelho-36.blogspot.pt/,Piscinas-Olivais,2,173,Calçadinha dos Olivais,143,Unidade de Intervenção Territorial Oriental,Unidade de Intervenção Territorial Oriental - Olivais/Parque das Nações,eb1.n36.lisboa@gmail.com,Existente,Propriedade Municipal,Ana Cremilde Mendes Guerra Cazaux Afonso,1665573527000,EB Viscondessa dos Olivais,19e93156-dea8-455d-9beb-74801fd22be9,POINT (-9.10618144196747 38.7697829273775)
57,95,3306401006001,Escola Básica Paulino Montez,"Alameda da Encarnação, Escola Básica nº 113",EB01,Olivais,218521408,1800-362,http://agpiscinasolivais.com/,http://paulinomontez.blogspot.pt/,Piscinas-Olivais,2,174,Alameda da Encarnação,185,Unidade de Intervenção Territorial Oriental,Unidade de Intervenção Territorial Oriental - Olivais/Parque das Nações,eb1.n113.lisboa@gmail.com,Existente,,Ana Cremilde Mendes Guerra Cazaux Afonso,1665573549000,EB Paulino Montez,bfe8a69a-e1aa-4b07-99c0-378c2fdd4720,POINT (-9.11844432032362 38.7743938639179)
58,96,3301301047001,Escola Básica de Santa Maria dos Olivais,"Rua General Silva Freire, Escola",EB01,Olivais,218539487,1800-141,http://agpiscinasolivais.com/,http://santamariaolivais175.blogspot.pt/,Piscinas-Olivais,2,176,Rua General Silva Freire,575,Unidade de Intervenção Territorial Oriental,Unidade de Intervenção Territorial Oriental - Olivais/Parque das Nações,eb1ji.stmolivais@gmail.com,Existente,Propriedade Municipal,Ana Cremilde Mendes Guerra Cazaux Afonso,1665573578000,EB de Santa Maria dos Olivais,1e493e89-44d8-49f7-976b-25bcdc1c4da0,POINT (-9.11639101146085 38.7763035061294)
59,99,1807204001001,Escola Básica do Lumiar,"Rua Armindo Rodrigues, 18-18B",EB01,Lumiar,21 758 19 45,1600-817,aevf.pt,,Vergílio Ferreira,2,114,"Rua Abel Salazar, n.º 31",5005,Unidade de Intervenção Territorial Norte,Unidade de Intervenção Territorial Norte - Lumiar/Charneca,ebl@aevf.pt,Existente,Propriedade Municipal,Ana Cremilde Mendes Guerra Cazaux Afonso,1665677169000,EB do Lumiar,c5a18983-0c6d-4557-96f9-674e1097ce6b,POINT (-9.16825774334278 38.7673481401389)
60,100,1807707004001,Jardim de Infância de Telheiras,"Rua Hermano Neves, 13-13A",JI,Lumiar,217586091,1600-477,aevf.pt,,Vergílio Ferreira,2,120,"Rua Hermano Neves, n.º 13",7010,Unidade de Intervenção Territorial Norte,Unidade de Intervenção Territorial Norte - Lumiar/Charneca,jit@aevf.pt ,Existente,Propriedade Municipal,Ana Cremilde Mendes Guerra Cazaux Afonso,1665676280000,JI de Telheiras,09dbf06b-c25e-4ab6-a059-873c8ec1d5eb,POINT (-9.17041508399342 38.7601509692613)
61,101,1101301015001,Escola Básica da Luz/Carnide,"Rua Maria Brown, 1 (Escola Básica nº 45)",EB01,Carnide,21 716 32 44,1500-430,aevf.pt/,,Vergílio Ferreira,2,115,"Rua Maria Brown, n.º 1",17,Unidade de Intervenção Territorial Norte,Unidade de Intervenção Territorial Norte - Carnide/Benfica,eblc@aevf.pt,Existente,Propriedade Municipal,Ana Cremilde Mendes Guerra Cazaux Afonso,1665676032000,EB da Luz/Carnide,3b894bbb-a05e-4784-8a60-174c70a64c52,POINT (-9.18658728620504 38.7593560715372)
62,102,0901407006001,Escola Básica D. Luís da Cunha,"Rua Dom Luís da Cunha, Escola Básica Dom Luís da Cunha",EB01,Alvalade,21 727 69 52,1600-057,aevf.pt/,,Vergílio Ferreira,2,113,Rua Dom Luís da Cunha,393,Unidade de Intervenção Territorial Centro,Unidade de Intervenção Territorial Centro - Campo Grande/Anjos,ebdlc@aevf.pt,Existente,Propriedade Municipal,Ana Cremilde Mendes Guerra Cazaux Afonso,1665675964000,EB D. Luís da Cunha,e7eba2a9-cdc4-44b8-8e2b-b8afb4e8bcc2,POINT (-9.16730744434181 38.7561910180827)
63,103,1808305055001,Escola Básica de São Vicente/Telheiras ,"Rua Fernando Namora, Escola",EBI+JI,Lumiar,21 155 22 70,1600-454,aevf.pt,,Vergílio Ferreira,2,183,Rua Fernando Namora,803,Unidade de Intervenção Territorial Norte,Unidade de Intervenção Territorial Norte - Lumiar/Charneca,ebsv@aevt.pt,Existente,Ministério da Educação e Ciência,Ana Cremilde Mendes Guerra Cazaux Afonso,1665676224000,EB de São Vicente/Telheiras,64b9312b-83c3-43a0-b416-0926902614a9,POINT (-9.17362162589107 38.7594926987228)
64,104,1103301005001,Escola Básica Prista Monteiro,"Rua Prista Monteiro, Escola Básica nº 134",EB01,Carnide,21 716 69 29,1600-792,aevf.pt,,Vergílio Ferreira,2,116,"Rua Prista Monteiro, nº1",1001,Unidade de Intervenção Territorial Norte,Unidade de Intervenção Territorial Norte - Carnide/Benfica,maria.silva@aevf.pt,Existente,Propriedade Municipal,Ana Cremilde Mendes Guerra Cazaux Afonso,1665676717000,EB Prista Monteiro,d08cac12-96b8-4c93-9056-602ea6f223f2,POINT (-9.18209732814018 38.765972395256)
65,105,1103302052001,Jardim de Infância da Horta Nova,"Rua da Horta Nova, Jardim de Infância",JI,Carnide,21 716 99 51,1600-785,aevf.pt,,Vergílio Ferreira,2,121,"Rua da Horta Nova, n.º 134",1001,Unidade de Intervenção Territorial Norte,Unidade de Intervenção Territorial Norte - Carnide/Benfica,jihn@aevf.pt,Existente,Propriedade Municipal,Ana Cremilde Mendes Guerra Cazaux Afonso,1665676299000,JI da Horta Nova,450b044c-6514-440c-afa7-37d7ad3d6bd8,POINT (-9.18192024484465 38.7655455707195)
66,110,5100905006001,Escola Básica de Santa Clara,"Campo de Santa Clara, 200-200E",EB01,São Vicente,939016311,1100-474,aegv.site,,Gil Vicente,2,195,"Campo de Santa Clara, n.º 200-200 E",,Unidade de Intervenção Territorial Centro Histórico,Unidade de Intervenção Territorial Centro Histórico - Graça/Pen. França,escola.santaclara1c@aegv.pt,Existente,Propriedade Municipal,Ana Cremilde Mendes Guerra Cazaux Afonso,1665573981000,EB de Santa Clara,5129c9db-8636-41e0-9678-8c6365e93a25,POINT (-9.12533038352542 38.7151253343901)
67,111,3202707009001,Jardim de Infância de Belém,"Largo das Escolas, 3-4",JI,Belém,961761473 ,1400-141,http://restelo-es.weebly.com/,,Restelo,2,196,"Largo das Escolas, n.º 3 e 4",,Unidade de Intervenção Territorial Ocidental,Unidade de Intervenção Territorial Ocidental - Belém/S.Francisco Xavier,geral@aerestelo.pt,Existente,Propriedade Municipal,Ana Cremilde Mendes Guerra Cazaux Afonso,1665589376000,JI de Belém,091ba577-6deb-49fb-b478-50eedd2e2935,POINT (-9.20429152179167 38.6992410916334)
68,112,2000106022001,Escola Básica Maria Barroso,"Largo da Boa-Hora, 12-17",EB01,Santa Maria Maior,213955191,1249-099,aepassosmanuel.pt,,Passos Manuel,2,197,"Rua Nova do Almada, Travessa da Boa-Hora n.º 16",,Unidade de Intervenção Territorial Centro Histórico,Unidade de Intervenção Territorial Centro Histórico - Baixa,espm@abc.edu.pt,Existente,Propriedade Municipal,Ana Cremilde Mendes Guerra Cazaux Afonso,1665587920000,EB Maria Barroso,4c91b84e-6748-498e-8d71-fa2282ff07c6,POINT (-9.13937934247054 38.7094681340088)
69,114,0501105023001,Jardim de Infância da Ameixoeira,"Azinhaga da Cidade, Jardim de Infância",JI,Santa Clara,21 759 35 31,1750-253,http://aelindleycintra.edu.pt/,,Professor Lindley Cintra - Lumiar,2,139,Azinhaga de Santa Susana,7018,Unidade de Intervenção Territorial Norte,Unidade de Intervenção Territorial Norte - Lumiar/Charneca,jardimameixoeira@gmail.com,Existente,Propriedade Municipal,Ana Cremilde Mendes Guerra Cazaux Afonso,1665676337000,JI da Ameixoeira,e258f338-e446-4b8e-8f20-0bc809bd7dde,POINT (-9.15895882511879 38.78071714369)
70,115,1802401078001,Jardim de Infância do Lumiar,"Rua Mário Sampaio Ribeiro, Jardim de Infância",JI,Lumiar,217594132,1600-504,http://aelindleycintra.edu.pt/,,Professor Lindley Cintra - Lumiar,2,140,Rua Mário Sampaio Ribeiro,7004,Unidade de Intervenção Territorial Norte,Unidade de Intervenção Territorial Norte - Lumiar/Charneca,jilumiar@sapo.pt,Existente,Propriedade Municipal,Ana Cremilde Mendes Guerra Cazaux Afonso,1665676246000,JI do Lumiar,628f9f1a-e25e-44dc-99f2-66097ad965cf,POINT (-9.16185565330509 38.7685134176058)
71,119,0807402005001,Escola Básica Professor José Salvado Sampaio,"Rua Dr. Cunha Seixas, Escola Básica nº 17",EB01,Benfica,217605771,1500-225,agrupamentoeqta.wixsite.com,,Quinta de Marrocos,2,80,Rua Dr. Cunha Seixas,21,Unidade de Intervenção Territorial Norte,Unidade de Intervenção Territorial Norte - Carnide/Benfica,eb1jss.ji3@gmail.com,Existente,Propriedade Municipal,Ana Cremilde Mendes Guerra Cazaux Afonso,1665588233000,EB Professor José Salvado Sampaio,08ad9917-b921-4a61-aafb-9c8abfdbdcd9,POINT (-9.2098065749094 38.7499880865529)
72,120,0808506027001,Escola Básica do Parque Silva Porto,"Rua Doutor José Alberto de Faria, Escola Básica nº 124",EB01,Benfica,217601467,1500-242,agrupamentoeqta.wixsite.com,,Quinta de Marrocos,2,79,Rua Dr. José Alberto Faria,710,Unidade de Intervenção Territorial Norte,Unidade de Intervenção Territorial Norte - Carnide/Benfica,eb1parquesilvaporto@gmail.com,Existente,Propriedade Municipal,Ana Cremilde Mendes Guerra Cazaux Afonso,1665588348000,EB do Parque Silva Porto,a4b6f7b8-e836-4c14-9512-64efacd26448,POINT (-9.20514427069021 38.7472533037233)
73,121,0401501008001,Escola Básica do Bairro de São Miguel,"Rua Jorge Ferreira de Vasconcelos, Escola Bairro de São Miguel",EB01,Alvalade,21  797 50 40,1700-255,http://aerdl.eu/,,Rainha D. Leonor,2,128,Rua Jorge Ferreira de Vasconcelos,409,Unidade de Intervenção Territorial Centro,Unidade de Intervenção Territorial Centro - Campo Grande/Anjos,eb1saomiguel@live.com.pt,Existente,Propriedade Municipal,Ana Cremilde Mendes Guerra Cazaux Afonso,1665677404000,EB do Bairro de São Miguel,472a336c-34bc-45bc-8fef-fff252be8280,POINT (-9.14488722364118 38.7467023639056)
74,122,0900803001001,Escola Básica Santo António,"Rua Eugénio de Castro, Escola Básica Santo António",EB01,Alvalade,21 793 34 36,1700-182,http://nsite.aerdl.eu/,,Rainha D. Leonor,2,129,Rua Eugénio de Castro,714,Unidade de Intervenção Territorial Centro,Unidade de Intervenção Territorial Centro - Campo Grande/Anjos,ebsantoantonio@gmail.com,Existente,Propriedade Municipal,Ana Cremilde Mendes Guerra Cazaux Afonso,1665676620000,EB Santo António,d6e98ad5-dee1-43de-8600-531e6fb4645a,POINT (-9.14720636629289 38.7540729770689)
75,127,4001601008001,Escola Básica de Moinhos do Restelo,"Rua Capitão-Mor Pedro Teixeira, Escola",EB01,Belém,213019101,1400-041,http://restelo-es.weebly.com/,,Restelo,2,46,Rua Capitão-Mor Pedro Teixeira,105,Unidade de Intervenção Territorial Ocidental,Unidade de Intervenção Territorial Ocidental - Belém/S.Francisco Xavier,eb1moinhosdorestelo@gmail.com;geral@aerestelo.pt,Existente,Propriedade Municipal,Ana Cremilde Mendes Guerra Cazaux Afonso,1665589399000,EB de Moinhos do Restelo,e4a48b8e-475c-4986-b00e-85e1a1fb8467,POINT (-9.20686826806514 38.7072835399369)
76,128,3202102051001,Escola Básica do Bairro do Restelo,"Praça de Goa, 3-3B",EB01,Belém,213019564,1400-184,http://restelo-es.weebly.com/,,Restelo,2,42,Praça de Goa,659,Unidade de Intervenção Territorial Ocidental,Unidade de Intervenção Territorial Ocidental - Belém/S.Francisco Xavier,escolabairrorestelo@gmail.com;geral@aerestelo.pt,Existente,Propriedade Municipal,Ana Cremilde Mendes Guerra Cazaux Afonso,1665589423000,EB do Bairro do Restelo,fe4baed8-57a2-4dbb-a64e-f25198fc6897,POINT (-9.21775658689447 38.7014305796765)
77,129,0103608004001,Escola Básica Professor Manuel Sérgio,"Estrada de Queluz, Escola Básica nº 118",EB01,Ajuda,213642659,1300-565,http://restelo-es.weebly.com/,,Restelo,2,44,"Bairro do Alto da Ajuda, n.º 118",743,Unidade de Intervenção Territorial Ocidental,Unidade de Intervenção Territorial Ocidental - Ajuda/Alcântara,geral@aerestelo.pt,Existente,Propriedade Municipal,Ana Cremilde Mendes Guerra Cazaux Afonso,1665589456000,EB Prof. Manuel Sérgio,4903371d-18ad-4289-a8a9-5eaf0d6572e6,POINT (-9.20169760622567 38.7128248591273)
78,130,4001110014001,Escola Básica de Caselas,"Rua Padre Luís Fróis, Escola Básica nº 147",EB01,Belém,213011101,1400-263,http://restelo-es.weebly.com/,,Restelo,2,45,Rua Padre Luís Fróis,720,Unidade de Intervenção Territorial Ocidental,Unidade de Intervenção Territorial Ocidental - Belém/S.Francisco Xavier,jieb1caselas@gmail.com,Existente,Propriedade Municipal,Ana Cremilde Mendes Guerra Cazaux Afonso,1665589472000,EB de Caselas,9b0c318e-edb7-4106-a0f9-123c4c34b402,POINT (-9.2139893210878 38.7145170326948)
79,133,3309102010001,Escola Básica Alice Vieira,"Rua Vila de Catió, Escola Básica nº 25",EB01,Olivais,218518800,1800-347,http://aeolivais.edu.pt/,http://eb1alicevieira.blogspot.com/,Santa Maria dos Olivais,2,168,Rua Vila de Catió,5011,Unidade de Intervenção Territorial Oriental,Unidade de Intervenção Territorial Oriental - Olivais/Parque das Nações,alicevieira.eb1ji@gmail.com,Existente,Propriedade Municipal,Ana Cremilde Mendes Guerra Cazaux Afonso,1665573619000,EB Alice Vieira,9de12364-82d7-4b35-8c27-33d268513600,POINT (-9.11366635212619 38.7606564977357)
80,134,3308802043001,Escola Básica Sarah Afonso,"Rua Almada Negreiros, Escola Básica nº 183",EB01,Olivais,218520957,1800-020,http://aeolivais.edu.pt/,http://eb1sarahafonso.blogspot.com/,Santa Maria dos Olivais,2,171,Rua Almada Negreiros,273,Unidade de Intervenção Territorial Oriental,Unidade de Intervenção Territorial Oriental - Olivais/Parque das Nações,eb1183olivais@gmail.com,Existente,Propriedade Municipal,Ana Cremilde Mendes Guerra Cazaux Afonso,1665573640000,EB Sarah Afonso,351ad92d-67d2-4b71-a55f-8e4436e3f27f,POINT (-9.1088286840993 38.7592329420447)
81,135,2109203014001,Escola Básica Manuel Teixeira Gomes,"Rua Manuel Teixeira Gomes, Escola Básica nº 187",EB01,Marvila,218370281,1950-188,http://aeolivais.edu.pt/,http://eb1mtgomes.blogspot.com/,Santa Maria dos Olivais,2,169,Rua Manuel Teixeira Gomes,648,Unidade de Intervenção Territorial Oriental,Unidade de Intervenção Territorial Oriental - Marvila/Beato,eb1mtgomes@gmail.com,Existente,Propriedade Municipal,Ana Cremilde Mendes Guerra Cazaux Afonso,1665573670000,EB Manuel Teixeira Gomes,ef721ce6-298f-46e1-af17-901d39535331,POINT (-9.11134251508333 38.7533788703132)
